{
  "turns": 683,
  "gifts": 0,
  "errors": 9,
  "ttfc_sum": 6995.92280400102,
  "ttfc_n": 683,
  "users_done": 0,
  "elapsed_min": 25.19803761166598,
  "avg_ttfc_s": 10.242932363105448,
  "ts": "2026-06-11T15:49:23.780192"
}