{
  "turns": 3978,
  "gifts": 29,
  "errors": 156,
  "ttfc_sum": 33856.810332298744,
  "ttfc_n": 3978,
  "users_done": 0,
  "elapsed_min": 135.2015329716669,
  "avg_ttfc_s": 8.511013155429549,
  "ts": "2026-06-11T12:10:25.435939"
}