{
  "turns": 4119,
  "gifts": 35,
  "errors": 159,
  "ttfc_sum": 35042.227032298455,
  "ttfc_n": 4119,
  "users_done": 0,
  "elapsed_min": 140.20878764166653,
  "avg_ttfc_s": 8.507459828186079,
  "ts": "2026-06-11T12:15:25.442537"
}